序号,链接,节点数
0,https://fastestcloud.xyz/api/v1/client/subscribe?token=c0a4aafbde9d90c05d1aebf0b2440778,0
1,https://nodefree.org/dy/2024/03/20240320.txt,0
2,https://oss.v2rayse.com/proxies/data/2024-03-20/2u1ntze.txt,0
3,https://raw.githubusercontent.com/Pawdroid/Free-servers/refs/heads/main/static/sub_de,14
4,https://raw.githubusercontent.com/Pawdroid/Free-servers/refs/heads/main/static/sub_fr,14
5,https://raw.githubusercontent.com/Pawdroid/Free-servers/refs/heads/main/static/sub_ja,14
6,https://raw.githubusercontent.com/Pawdroid/Free-servers/refs/heads/main/static/sub_ko-KR,14
7,https://raw.githubusercontent.com/PuddinCat/BestClash/refs/heads/main/proxies.yaml,16
8,https://raw.githubusercontent.com/abshare/abshare.github.io/main/README.md,38
9,https://raw.githubusercontent.com/freefq/free/master/v2,15
10,https://raw.githubusercontent.com/kkkouo/kkkouo.github.io/main/djsdy,5
11,https://raw.githubusercontent.com/mksshare/mksshare.github.io/main/README.md,0
12,https://raw.githubusercontent.com/ripaojiedian/freenode/main/clash,14
13,https://raw.githubusercontent.com/ripaojiedian/freenode/main/sub,14
14,https://v2rayshare.com/wp-content/uploads/2024/03/20240320.txt,0
15,https://www.ckcloud.xyz/api/v1/client/subscribe?token=528fedb391871a0a9b557c5369781ba9,0
16,https://xn--30rs3bu7r87f.com/api/v1/client/subscribe?token=2b981ee5d0170cb3196bcf7017148807,0
17,dynamic://kkzui,0
18,dynamic://sharkdoor,0

总计,,39
